id	name	file	license	author	source_url
4185	абрикос	Prunus armeniaca, Apricot, Khubani (खुबानी).jpg	CC BY-SA 4.0	Rajani Gairshail	https://commons.wikimedia.org/wiki/File:Prunus_armeniaca,_Apricot,_Khubani_(%E0%A4%96%E0%A5%81%E0%A4%AC%E0%A4%BE%E0%A4%A8%E0%A5%80).jpg
4193	авокадо	Avocado Hass - single and halved.jpg	CC BY-SA 4.0	Ivar Leidus	https://commons.wikimedia.org/wiki/File:Avocado_Hass_-_single_and_halved.jpg
custom-24	агар-агар	Agar-agar.jpg	CC BY-SA 3.0	Unkky	https://commons.wikimedia.org/wiki/File:Agar-agar.jpg
sk-875	айва	Quince-israel.jpg	CC BY-SA 2.5	Golf Bravo	https://commons.wikimedia.org/wiki/File:Quince-israel.jpg
sk-864	алыча	Cherry plums.jpg	CC BY-SA 3.0	—	https://commons.wikimedia.org/wiki/File:Cherry_plums.jpg
custom-56	амарант	Amaranthus kiwicha.jpg	CC BY-SA 3.0	Crops for the Future	https://commons.wikimedia.org/wiki/File:Amaranthus_kiwicha.jpg
sk-897	ананас	Fresh pineapple and mango.jpg	CC BY-SA 4.0	Joseph Sly1015	https://commons.wikimedia.org/wiki/File:Fresh_pineapple_and_mango.jpg
sk-890	апельсин	Oranges - whole-halved-segment.jpg	CC BY-SA 4.0	Ivar Leidus	https://commons.wikimedia.org/wiki/File:Oranges_-_whole-halved-segment.jpg
sk-689	арахис	Peanuts (Arachis hypogaea) - in shell, shell cracked open, shelled, peeled.jpg	CC BY-SA 4.0	Ivar Leidus	https://commons.wikimedia.org/wiki/File:Peanuts_(Arachis_hypogaea)_-_in_shell,_shell_cracked_open,_shelled,_peeled.jpg
sk-918	арбуз	Slices of fresh watermelon.jpg	CC BY 4.0	Rica Rentutar	https://commons.wikimedia.org/wiki/File:Slices_of_fresh_watermelon.jpg
1693	артишок	Artichoke ready to cook.jpg	CC BY-SA 3.0	Keagiles	https://commons.wikimedia.org/wiki/File:Artichoke_ready_to_cook.jpg
custom-14	базилик	Fresh Basil Plant.jpg	CC BY-SA 4.0	Nabunje Leticia	https://commons.wikimedia.org/wiki/File:Fresh_Basil_Plant.jpg
sk-824	баклажан	An aubergine-eggplant-brinjal plant with a hanging fruit..jpg	CC BY-SA 4.0	Azreey	https://commons.wikimedia.org/wiki/File:An_aubergine-eggplant-brinjal_plant_with_a_hanging_fruit..jpg
sk-898	банан	Cavendish banana from Maracaibo.jpg	CC BY-SA 3.0	Wilfredor	https://commons.wikimedia.org/wiki/File:Cavendish_banana_from_Maracaibo.jpg
1337	банановые чипсы	Kerala banana chips Upperi varuthath.jpg	CC BY-SA 2.0	Ramesh NG	https://commons.wikimedia.org/wiki/File:Kerala_banana_chips_Upperi_varuthath.jpg
sk-172	баранина	Arabian Nights Entertainments (1728)-Vol. 4.djvu	Public domain	Antoine Galland	https://commons.wikimedia.org/wiki/File:Arabian_Nights_Entertainments_(1728)-Vol._4.djvu
sk-592	баранки	Bublik baranka sushka.png	CC BY-SA 4.0	Original image: Ural-66 ; reprocessed version by Off-shell	https://commons.wikimedia.org/wiki/File:Bublik_baranka_sushka.png
sk-587	батон	Breads of Moskovskaya Oblast. img 008.jpg	CC BY-SA 4.0	Dmitry Makeev	https://commons.wikimedia.org/wiki/File:Breads_of_Moskovskaya_Oblast._img_008.jpg
7080	бекон	Strip of Bacon with egg Omelette.jpg	CC BY 2.0	paleosafe	https://commons.wikimedia.org/wiki/File:Strip_of_Bacon_with_egg_Omelette.jpg
sk-167	белок	Bowl of egg whites no bg.png	CC BY-SA 3.0	Douglas P Perkins	https://commons.wikimedia.org/wiki/File:Bowl_of_egg_whites_no_bg.png
sk-847	белые грибы	Common porcini mushroom (Boletus edulis), Hiiumaa, Estonia.jpg	CC BY-SA 4.0	Hartmut Schmidt Heidelberg	https://commons.wikimedia.org/wiki/File:Common_porcini_mushroom_(Boletus_edulis),_Hiiumaa,_Estonia.jpg
7861	бразильский орех	Bertholletia excelsa.jpg	Public domain	—	https://commons.wikimedia.org/wiki/File:Bertholletia_excelsa.jpg
2867	брокколи	Fresh broccoli.jpg	CC BY-SA 4.0	Halima Waziri	https://commons.wikimedia.org/wiki/File:Fresh_broccoli.jpg
sk-912	брусника	Cowberry.jpg	Public domain	Jonas Bergsten	https://commons.wikimedia.org/wiki/File:Cowberry.jpg
sk-149	брынза	Bryndza.jpg	CC BY-SA 3.0	Kagor	https://commons.wikimedia.org/wiki/File:Bryndza.jpg
sk-798	брюква	Steckrübe (Brassica napus subsp rapifera).jpg	Public domain	Garitzko	https://commons.wikimedia.org/wiki/File:Steckr%C3%BCbe_(Brassica_napus_subsp_rapifera).jpg
sk-732	брюссельская капуста	Spruitjes.jpg	CC BY-SA 3.0	Rasbak	https://commons.wikimedia.org/wiki/File:Spruitjes.jpg
4215	бузина	Sambucus nigra 2004 c.jpg	CC BY-SA 1.0	JeLuF	https://commons.wikimedia.org/wiki/File:Sambucus_nigra_2004_c.jpg
3176	булгур	Bulgur on plate.jpg	CC BY-SA 2.0	Eylem Başak Ekinci from ankara/nicosia, turkey/kktc	https://commons.wikimedia.org/wiki/File:Bulgur_on_plate.jpg
custom-23	ванильный экстракт	Homemade Vanilla Extract (4107750384).jpg	CC BY-SA 2.0	Veganbaking.net from USA	https://commons.wikimedia.org/wiki/File:Homemade_Vanilla_Extract_(4107750384).jpg
sk-923	варенье	Lemon jam jar and tamarillo jam (dutch eggplant jams) jars in Sultan Thaha Airport.jpg	CC BY-SA 4.0	Firzafp	https://commons.wikimedia.org/wiki/File:Lemon_jam_jar_and_tamarillo_jam_(dutch_eggplant_jams)_jars_in_Sultan_Thaha_Airport.jpg
4319	васаби	Eutrema-wasabia-japonica-wasabi.jpg	CC BY 4.0	Ethno plants	https://commons.wikimedia.org/wiki/File:Eutrema-wasabia-japonica-wasabi.jpg
sk-976	вафли	Waffles with Strawberries.jpg	CC BY 2.0	Parkerman &amp; Christie from San Diego, USA	https://commons.wikimedia.org/wiki/File:Waffles_with_Strawberries.jpg
sk-207	ветчина	Sliced cooked ham.jpg	CC BY 4.0	Anna.Massini	https://commons.wikimedia.org/wiki/File:Sliced_cooked_ham.jpg
custom-62	вешенки	Oyster mushoom fells.jpg	CC BY 2.5	Photograph by Aaron Sherman	https://commons.wikimedia.org/wiki/File:Oyster_mushoom_fells.jpg
7321	вино	Red Wine Glass.jpg	CC BY-SA 3.0	André Karwath aka Aka	https://commons.wikimedia.org/wiki/File:Red_Wine_Glass.jpg
sk-899	виноград	Fruit culture (1912) (14767204845).jpg	No restrictions	Internet Archive Book Images	https://commons.wikimedia.org/wiki/File:Fruit_culture_(1912)_(14767204845).jpg
sk-865	вишня	Montmorency cherries (3648681426).jpg	CC BY 2.0	Martha Dol.	https://commons.wikimedia.org/wiki/File:Montmorency_cherries_(3648681426).jpg
sk-424	вобла	RECALLED – Dry Eviscerated Salted Fish (26551904762).jpg	Public domain	The U.S. Food and Drug Administration	https://commons.wikimedia.org/wiki/File:RECALLED_%E2%80%93_Dry_Eviscerated_Salted_Fish_(26551904762).jpg
sk-1070	вода	Fasting 4-Fasting-a-glass-of-water-on-an-empty-plate.jpg	CC BY-SA 3.0	Dr Jean Fortunet	https://commons.wikimedia.org/wiki/File:Fasting_4-Fasting-a-glass-of-water-on-an-empty-plate.jpg
sk-1092	водка	Crystal Skull Vodka Bottle & Industrial Laser Beam.jpg	CC0	Dylan O'Donnell	https://commons.wikimedia.org/wiki/File:Crystal_Skull_Vodka_Bottle_%26_Industrial_Laser_Beam.jpg
custom-9	гвоздика	Cloves.JPG	Public domain	Jorge Barrios	https://commons.wikimedia.org/wiki/File:Cloves.JPG
sk-174	говядина	SZ 深圳 Shenzhen 福田 Futian 皇庭廣場 Wongtee Plaza shop 漢陽廷自助烤肉 Hayaco Barbecue Restaurant raw beef n pork slices September 2025 N13P 10.jpg	CC0	WCPCLM 2002258	https://commons.wikimedia.org/wiki/File:SZ_%E6%B7%B1%E5%9C%B3_Shenzhen_%E7%A6%8F%E7%94%B0_Futian_%E7%9A%87%E5%BA%AD%E5%BB%A3%E5%A0%B4_Wongtee_Plaza_shop_%E6%BC%A2%E9%99%BD%E5%BB%B7%E8%87%AA%E5%8A%A9%E7%83%A4%E8%82%89_Hayaco_Barbecue_Restaurant_raw_beef_n_pork_slices_September_2025_N13P_10.jpg
sk-913	голубика	Dish of blueberries.jpg	CC BY-SA 4.0	Petar Milošević	https://commons.wikimedia.org/wiki/File:Dish_of_blueberries.jpg
sk-409	горбуша	Oncorhynchus gorbuscha karafutomasu.jpg	CC BY-SA 4.0	Totti	https://commons.wikimedia.org/wiki/File:Oncorhynchus_gorbuscha_karafutomasu.jpg
2503	горох	Sardines, peas, and sun-dried tomatoes on puff paratha - Massachusetts.jpg	CC0	Daderot	https://commons.wikimedia.org/wiki/File:Sardines,_peas,_and_sun-dried_tomatoes_on_puff_paratha_-_Massachusetts.jpg
sk-695	горчица	Senf-Variationen.jpg	CC BY-SA 3.0	Rainer Zenz	https://commons.wikimedia.org/wiki/File:Senf-Variationen.jpg
sk-883	гранат	Pomegranate fruit - whole and piece with arils.jpg	CC BY-SA 4.0	Ivar Leidus	https://commons.wikimedia.org/wiki/File:Pomegranate_fruit_-_whole_and_piece_with_arils.jpg
custom-67	гребешки	Scallops at Capital Grille.jpg	CC0	Junjigye40	https://commons.wikimedia.org/wiki/File:Scallops_at_Capital_Grille.jpg
sk-892	грейпфрут	Citrus paradisi (Grapefruit, pink) white bg.jpg	CC BY-SA 2.5	Citrus_paradisi_(Grapefruit,_pink).jpg : א (Aleph) derivative work: — raeky	https://commons.wikimedia.org/wiki/File:Citrus_paradisi_(Grapefruit,_pink)_white_bg.jpg
sk-690	грецкий орех	Walnuts - whole and open with halved kernel.jpg	CC BY-SA 4.0	Ivar Leidus	https://commons.wikimedia.org/wiki/File:Walnuts_-_whole_and_open_with_halved_kernel.jpg
2774	гречка	Buckwheat and products from it 01.jpg	CC BY-SA 4.0	Andrey Korzun	https://commons.wikimedia.org/wiki/File:Buckwheat_and_products_from_it_01.jpg
7838	грибы экзотические	Indian dish with mushrooms and green peas, Idstein.jpg	CC BY-SA 4.0	Gerda Arendt	https://commons.wikimedia.org/wiki/File:Indian_dish_with_mushrooms_and_green_peas,_Idstein.jpg
sk-351	грудинка	Grudynka 001.jpg	CC BY-SA 3.0	Kagor	https://commons.wikimedia.org/wiki/File:Grudynka_001.jpg
sk-876	груша	D'anjou pear.jpg	CC BY-SA 4.0	Rhododendrites	https://commons.wikimedia.org/wiki/File:D%27anjou_pear.jpg
sk-877	груша сушёная	Gedörrte Birne (Seckel pear).jpg	CC BY-SA 3.0	Joris Egger	https://commons.wikimedia.org/wiki/File:Ged%C3%B6rrte_Birne_(Seckel_pear).jpg
5532	гуава	GUAVA FRUIT.jpg	CC BY-SA 4.0	GTSPACE	https://commons.wikimedia.org/wiki/File:GUAVA_FRUIT.jpg
sk-212	гуляш	Placki ziemniaczane polish potato pancake and goulash dish 2010.jpg	CC BY-SA 3.0	Jason Quinn and Anna Iwanicka	https://commons.wikimedia.org/wiki/File:Placki_ziemniaczane_polish_potato_pancake_and_goulash_dish_2010.jpg
7175	джекфрут	Jackfruit Flesh.jpg	CC BY-SA 3.0	Mullookkaaran	https://commons.wikimedia.org/wiki/File:Jackfruit_Flesh.jpg
custom-18	дрожжи	Compressed fresh yeast - 1.jpg	CC BY-SA 4.0	Hellahulla	https://commons.wikimedia.org/wiki/File:Compressed_fresh_yeast_-_1.jpg
1580	дыня	Cucumis melo var. reticulatus (photo by Scott Bauer).jpg	Public domain	USDA photo by Scott Bauer. Image Number K7355-11.	https://commons.wikimedia.org/wiki/File:Cucumis_melo_var._reticulatus_(photo_by_Scott_Bauer).jpg
sk-914	ежевика	Blackberry (Rubus fruticosus).jpg	CC BY-SA 4.0	Ivar Leidus	https://commons.wikimedia.org/wiki/File:Blackberry_(Rubus_fruticosus).jpg
sk-1096	желатин	(Food vendor grabbing roasted chestnuts) (LOC).jpg	No restrictions	The Library of Congress	https://commons.wikimedia.org/wiki/File:(Food_vendor_grabbing_roasted_chestnuts)_(LOC).jpg
sk-169	желток	Egg yolk in kitchen bowl with butter.jpg	CC BY-SA 4.0	Marc-Lautenbacher	https://commons.wikimedia.org/wiki/File:Egg_yolk_in_kitchen_bowl_with_butter.jpg
custom-64	желудки куриные	Dak-ttongjip.jpg	CC BY 2.0	Chun Yip So	https://commons.wikimedia.org/wiki/File:Dak-ttongjip.jpg
2645	жёлуди	Bavarian pattern-Ace of Acorns-IMG 7537.jpg	CC BY-SA 4.0	Bermicourt	https://commons.wikimedia.org/wiki/File:Bavarian_pattern-Ace_of_Acorns-IMG_7537.jpg
1380	зародыши пшеницы	Banana Wheat Germ Muffins (140490523).jpeg	CC BY 3.0	J Doll	https://commons.wikimedia.org/wiki/File:Banana_Wheat_Germ_Muffins_(140490523).jpeg
2482	зелёный лук	Food Market in Bizerte 03.jpg	CC BY-SA 4.0	Kritzolina	https://commons.wikimedia.org/wiki/File:Food_Market_in_Bizerte_03.jpg
sk-901	земляника	Wild Strawberry Fragaria vesca spectral comparison Vis UV IR.jpg	CC BY-SA 3.0	Dave Kennard	https://commons.wikimedia.org/wiki/File:Wild_Strawberry_Fragaria_vesca_spectral_comparison_Vis_UV_IR.jpg
sk-949	зефир	Marshmallows.JPG	CC BY-SA 3.0	Smith609	https://commons.wikimedia.org/wiki/File:Marshmallows.JPG
sk-900	изюм	Raisins 01.jpg	CC BY-SA 3.0	Paweł Kuźniar ( Jojo_1 , Jojo )	https://commons.wikimedia.org/wiki/File:Raisins_01.jpg
sk-825	икра овощная	Squash caviar 15.jpg	CC BY 4.0	Mariya Voronina ( Мария Воронина ). food4all.ru. Colour corrections and cropped by Off-shell (removed watermarks).	https://commons.wikimedia.org/wiki/File:Squash_caviar_15.jpg
7620	икра рыбная	Roe Ameiurus nebulosus.jpg	CC BY-SA 3.0	Alter welt	https://commons.wikimedia.org/wiki/File:Roe_Ameiurus_nebulosus.jpg
custom-4	имбирь	Ginger Plant vs.jpg	CC BY-SA 3.0	Venkatx5	https://commons.wikimedia.org/wiki/File:Ginger_Plant_vs.jpg
3586	индейка	Cacatfood4 (5717210230).jpg	CC BY-SA 2.0	pathwithpaws from Seattle, USA	https://commons.wikimedia.org/wiki/File:Cacatfood4_(5717210230).jpg
sk-884	инжир	Fig (Ficus carica) fruit halved.jpg	CC BY-SA 4.0	Ivar Leidus	https://commons.wikimedia.org/wiki/File:Fig_(Ficus_carica)_fruit_halved.jpg
sk-885	инжир сушёный	Figue sec.JPG	CC BY-SA 3.0	Madhif	https://commons.wikimedia.org/wiki/File:Figue_sec.JPG
3772	йогурт	A bowl of frozen yogurt.jpg	CC0	JacquesDemien	https://commons.wikimedia.org/wiki/File:A_bowl_of_frozen_yogurt.jpg
7785	кабан	Wild boar meat.jpg	CC BY-SA 4.0	Olivier Lemoine ( https://Photo-Terroir.fr )	https://commons.wikimedia.org/wiki/File:Wild_boar_meat.jpg
sk-827	кабачок	Calabacín, Múnich, Alemania, 2013-03-30, DD 01.JPG	CC BY-SA 3.0	Diego Delso	https://commons.wikimedia.org/wiki/File:Calabac%C3%ADn,_M%C3%BAnich,_Alemania,_2013-03-30,_DD_01.JPG
6611	какао-порошок	Cocoa powder.jpg	CC BY-SA 2.0	blair	https://commons.wikimedia.org/wiki/File:Cocoa_powder.jpg
sk-501	кальмар	Koh Kut, Thailand, Squid under fluorescent lighting.jpg	CC BY 4.0	Vyacheslav Argenberg	https://commons.wikimedia.org/wiki/File:Koh_Kut,_Thailand,_Squid_under_fluorescent_lighting.jpg
sk-406	камбала	Bothus lunatus.jpg	Public domain	Becky A. Dayhuff, Environmental Educator	https://commons.wikimedia.org/wiki/File:Bothus_lunatus.jpg
sk-715	капуста белокочанная	Rotkohl (Brassica oleracea convar).JPG	CC BY-SA 4.0	Elrond	https://commons.wikimedia.org/wiki/File:Rotkohl_(Brassica_oleracea_convar).JPG
2463	капуста зелёная	Red cabbage cucumber and green cabbage.jpg	CC BY-SA 4.0	Halima Waziri	https://commons.wikimedia.org/wiki/File:Red_cabbage_cucumber_and_green_cabbage.jpg
sk-728	капуста квашеная	02021 0635 (2) Sauerkraut with salmon.jpg	CC BY-SA 4.0	Silar	https://commons.wikimedia.org/wiki/File:02021_0635_(2)_Sauerkraut_with_salmon.jpg
2467	капуста китайская	Brassica rapa subsp. pekinensis 'Manoko' kz01.jpg	CC BY-SA 4.0	Krzysztof Ziarnek, Kenraiz	https://commons.wikimedia.org/wiki/File:Brassica_rapa_subsp._pekinensis_%27Manoko%27_kz01.jpg
2465	капуста краснокочанная	Modra kapusta po poznansku.jpg	CC BY-SA 4.0	MOs810	https://commons.wikimedia.org/wiki/File:Modra_kapusta_po_poznansku.jpg
909	капуста кудрявая (кале)	Kale, photo from The Encyclopedia of Food by Artemas Ward.jpg	Public domain	Artemas Ward	https://commons.wikimedia.org/wiki/File:Kale,_photo_from_The_Encyclopedia_of_Food_by_Artemas_Ward.jpg
2876	капуста савойская	Savooi voor halogeenlamp.JPG	CC BY-SA 3.0	Nieuw	https://commons.wikimedia.org/wiki/File:Savooi_voor_halogeenlamp.JPG
sk-426	карась	CarassiusCarassius8.JPG	CC BY-SA 3.0	Viridiflavus	https://commons.wikimedia.org/wiki/File:CarassiusCarassius8.JPG
3407	кардамон	Green Cardamom Pods.jpg	CC0	Misterneedlemouse	https://commons.wikimedia.org/wiki/File:Green_Cardamom_Pods.jpg
sk-427	карп	Cyprinus carpio.jpeg	CC BY-SA 3.0	Dezidor	https://commons.wikimedia.org/wiki/File:Cyprinus_carpio.jpeg
3412	карри	Curry powder in the spice-bazaar in Istanbul.jpg	CC BY-SA 3.0	Thomas Steiner	https://commons.wikimedia.org/wiki/File:Curry_powder_in_the_spice-bazaar_in_Istanbul.jpg
sk-746	картофель	Potato flowers 2016 G1.jpg	Public domain	George Chernilevsky	https://commons.wikimedia.org/wiki/File:Potato_flowers_2016_G1.jpg
3063	каштаны	Vruchten van tamme kastanje (Castanea sativa).JPG	CC BY-SA 3.0	Dominicus Johannes Bergsma	https://commons.wikimedia.org/wiki/File:Vruchten_van_tamme_kastanje_(Castanea_sativa).JPG
sk-1062	квас	Glass of kvass.jpg	Public domain	Edmund Schluessel	https://commons.wikimedia.org/wiki/File:Glass_of_kvass.jpg
3079	кедровые орехи	Araucaria pine nuts.jpg	CC BY-SA 2.0	MAURO CATEB	https://commons.wikimedia.org/wiki/File:Araucaria_pine_nuts.jpg
sk-415	кета	Fisherman caught chum salmon fish oncorhynchus keta.jpg	Public domain	Hillebrand Steve, U.S. Fish and Wildlife Service	https://commons.wikimedia.org/wiki/File:Fisherman_caught_chum_salmon_fish_oncorhynchus_keta.jpg
1044	кетчуп	French Fries with Ketchup 02.jpg	CC BY-SA 4.0	Kritzolina	https://commons.wikimedia.org/wiki/File:French_Fries_with_Ketchup_02.jpg
sk-9	кефир	Kefir glass london feb 10.jpg	CC BY-SA 2.0	secretlondon123	https://commons.wikimedia.org/wiki/File:Kefir_glass_london_feb_10.jpg
sk-691	кешью	CASHEW NUTS.jpg	CC0	Ranjithkumar Murugesan	https://commons.wikimedia.org/wiki/File:CASHEW_NUTS.jpg
sk-886	киви	Kiwi (Actinidia chinensis) 1 Luc Viatour.jpg	CC BY-SA 2.5	Luc Viatour	https://commons.wikimedia.org/wiki/File:Kiwi_(Actinidia_chinensis)_1_Luc_Viatour.jpg
sk-418	кижуч	Coho salmon USFWS.png	Public domain	USFWS	https://commons.wikimedia.org/wiki/File:Coho_salmon_USFWS.png
sk-355	килька	Anchovy sprat head close up.jpg	CC BY-SA 4.0	Горбунова М.С.	https://commons.wikimedia.org/wiki/File:Anchovy_sprat_head_close_up.jpg
2880	кимчи	Triple White Kimchi 05.jpg	CC BY-SA 2.0	korea.net	https://commons.wikimedia.org/wiki/File:Triple_White_Kimchi_05.jpg
1362	киноа	Chenopodium quinoa0.jpg	CC BY-SA 3.0	Kurt Stueber	https://commons.wikimedia.org/wiki/File:Chenopodium_quinoa0.jpg
683	клементины	Clementines (01014)s.jpg	CC BY-SA 4.0	Rhododendrites	https://commons.wikimedia.org/wiki/File:Clementines_(01014)s.jpg
250	клубника	Garden strawberry (Fragaria × ananassa) halved.jpg	CC BY-SA 4.0	Ivar Leidus	https://commons.wikimedia.org/wiki/File:Garden_strawberry_(Fragaria_%C3%97_ananassa)_halved.jpg
sk-915	клюква	Fresh Cranberry-Orange Sauce.jpg	CC BY-SA 4.0	DrKathyShaginaw	https://commons.wikimedia.org/wiki/File:Fresh_Cranberry-Orange_Sauce.jpg
7791	козлятина	Raw meat.png	CC BY-SA 4.0	Issac Gyamfi	https://commons.wikimedia.org/wiki/File:Raw_meat.png
2657	кокос	Coconut (halved) (3330701660).jpg	CC BY 2.0	Chandrika Nair from Cochin, India	https://commons.wikimedia.org/wiki/File:Coconut_(halved)_(3330701660).jpg
7340	кола	Mexican Coca Cola.jpg	CC BY 2.0	Mike Mozart	https://commons.wikimedia.org/wiki/File:Mexican_Coca_Cola.jpg
sk-312	колбаса варёная	Колбаса в оболочке Биолон Шейп.jpg	Public domain	gvsp	https://commons.wikimedia.org/wiki/File:%D0%9A%D0%BE%D0%BB%D0%B1%D0%B0%D1%81%D0%B0_%D0%B2_%D0%BE%D0%B1%D0%BE%D0%BB%D0%BE%D1%87%D0%BA%D0%B5_%D0%91%D0%B8%D0%BE%D0%BB%D0%BE%D0%BD_%D0%A8%D0%B5%D0%B9%D0%BF.jpg
4106	колбаса кровяная	Blood sausage hrvatska.jpg	CC0	Gvjekoslav	https://commons.wikimedia.org/wiki/File:Blood_sausage_hrvatska.jpg
6358	колбаса ливерная	Wurstteller mit Bierschinken, geräucherte Leberwurst und Blutwurst.jpg	CC BY 2.5	Peng 13:23, 6 August 2007 (UTC)	https://commons.wikimedia.org/wiki/File:Wurstteller_mit_Bierschinken,_ger%C3%A4ucherte_Leberwurst_und_Blutwurst.jpg
custom-59	кольраби	Brassica oleracea var. gongylodes (kohlrabi).jpg	CC0	Unknown	https://commons.wikimedia.org/wiki/File:Brassica_oleracea_var._gongylodes_(kohlrabi).jpg
sk-353	корейка	Pork loin (1027276219).jpg	CC BY 2.0	Father.Jack from Coventry, UK	https://commons.wikimedia.org/wiki/File:Pork_loin_(1027276219).jpg
sk-802	корень петрушки	Parsley plant.jpg	CC BY-SA 4.0	Aisha.shipanga	https://commons.wikimedia.org/wiki/File:Parsley_plant.jpg
sk-795	корень сельдерея	Céleri-rave-fendu.jpg	CC BY-SA 3.0	DocteurCosmos	https://commons.wikimedia.org/wiki/File:C%C3%A9leri-rave-fendu.jpg
custom-7	кориандр	Coriandrum sativum Blattläuse, Josef Schlaghecken.jpg	CC BY 4.0	Schlaghecken Josef	https://commons.wikimedia.org/wiki/File:Coriandrum_sativum_Blattl%C3%A4use,_Josef_Schlaghecken.jpg
custom-3	корица	Canelle Cinnamomum burmanni Luc Viatour.jpg	CC BY-SA 3.0	Luc Viatour	https://commons.wikimedia.org/wiki/File:Canelle_Cinnamomum_burmanni_Luc_Viatour.jpg
4378	кофе	Roasted coffee beans.jpg	Public domain	MarkSweep	https://commons.wikimedia.org/wiki/File:Roasted_coffee_beans.jpg
sk-492	краб	Carcinus maenas.jpg	CC BY-SA 4.0	Hans Hillewaert	https://commons.wikimedia.org/wiki/File:Carcinus_maenas.jpg
custom-20	крахмал картофельный	Mitarashi dango by yomi955 in Kyoto.jpg	CC BY 2.0	yomi955	https://commons.wikimedia.org/wiki/File:Mitarashi_dango_by_yomi955_in_Kyoto.jpg
custom-21	крахмал кукурузный	Bombay Halwa, Karachi Halwa.jpg	CC BY-SA 4.0	Rupamdas75	https://commons.wikimedia.org/wiki/File:Bombay_Halwa,_Karachi_Halwa.jpg
sk-495	креветка	Shrimp or prawn from Barra de Navidad, Jalisco.png	CC0	Heterotrofo	https://commons.wikimedia.org/wiki/File:Shrimp_or_prawn_from_Barra_de_Navidad,_Jalisco.png
7473	крекеры	Cream crackers with cheese spread.jpg	CC BY-SA 2.0	AnemoneProjectors	https://commons.wikimedia.org/wiki/File:Cream_crackers_with_cheese_spread.jpg
895	кресс-салат	Watercress (2).JPG	CC BY 3.0	Masparasol	https://commons.wikimedia.org/wiki/File:Watercress_(2).JPG
6835	кролик	Jumbo rabbit meat.jpg	CC BY-SA 4.0	Gacky-79	https://commons.wikimedia.org/wiki/File:Jumbo_rabbit_meat.jpg
sk-902	крыжовник	Stachelbeere (Ribes uva-crispa).jpg	CC BY-SA 2.5	Darkone	https://commons.wikimedia.org/wiki/File:Stachelbeere_(Ribes_uva-crispa).jpg
2486	кукуруза	Corn on the cob (sweet corn).jpg	CC0	Nutrition, Food Safety &amp; Health	https://commons.wikimedia.org/wiki/File:Corn_on_the_cob_(sweet_corn).jpg
sk-671	кукурузная крупа	Bugas mais (Visayan white corn grits), Philippines 02.jpg	CC0	Obsidian Soul	https://commons.wikimedia.org/wiki/File:Bugas_mais_(Visayan_white_corn_grits),_Philippines_02.jpg
642	кумкват	Kumquat from Spain.jpg	CC BY-SA 4.0	Ivar Leidus	https://commons.wikimedia.org/wiki/File:Kumquat_from_Spain.jpg
sk-10	кумыс	The Origins of the Islamic State - Volume 2.djvu	Public domain	Al-Baladhuri	https://commons.wikimedia.org/wiki/File:The_Origins_of_the_Islamic_State_-_Volume_2.djvu
sk-696	кунжут	Aubergine & Potato curry (506336160).jpg	CC BY 2.0	rovingI	https://commons.wikimedia.org/wiki/File:Aubergine_%26_Potato_curry_(506336160).jpg
sk-863	курага	Ab food 04.jpg	CC BY-SA 3.0	Andrey Butko	https://commons.wikimedia.org/wiki/File:Ab_food_04.jpg
7881	курица	Raw chicken.jpg	CC BY-SA 3.0	Bhaskaranaidu	https://commons.wikimedia.org/wiki/File:Raw_chicken.jpg
custom-2	куркума	Curcuma longa roots.jpg	CC BY-SA 3.0	Simon A. Eugster	https://commons.wikimedia.org/wiki/File:Curcuma_longa_roots.jpg
2187	кускус	Moroccan cuscus, from Casablanca, September 2018.jpg	CC BY-SA 4.0	Lmmima	https://commons.wikimedia.org/wiki/File:Moroccan_cuscus,_from_Casablanca,_September_2018.jpg
custom-11	лавровый лист	Bay Leaves.JPG	Public domain	Miansari66	https://commons.wikimedia.org/wiki/File:Bay_Leaves.JPG
643	лайм	Lime - whole and halved.jpg	CC BY-SA 4.0	Ivar Leidus	https://commons.wikimedia.org/wiki/File:Lime_-_whole_and_halved.jpg
sk-499	лангуст/омар	Angry Lobster in research tank.jpg	CC BY-SA 4.0	Filippo antinori1223	https://commons.wikimedia.org/wiki/File:Angry_Lobster_in_research_tank.jpg
sk-558	лапша	Noodles with Omelette.jpg	CC BY-SA 4.0	Gaurav Dhwaj Khadka	https://commons.wikimedia.org/wiki/File:Noodles_with_Omelette.jpg
2478	латук	Lactuca sativa 'Ashbrook'.jpg	CC BY-SA 4.0	DeFacto	https://commons.wikimedia.org/wiki/File:Lactuca_sativa_%27Ashbrook%27.jpg
sk-429	лещ	Yellowfin bream on a fish measuring mat.jpg	CC0	JaredMcKenzie	https://commons.wikimedia.org/wiki/File:Yellowfin_bream_on_a_fish_measuring_mat.jpg
sk-894	лимон	Lemon.jpg	CC BY-SA 2.5	André Karwath aka Aka	https://commons.wikimedia.org/wiki/File:Lemon.jpg
5693	лимонад	Lemonade with strawberry.jpg	CC BY-SA 4.0	E4024	https://commons.wikimedia.org/wiki/File:Lemonade_with_strawberry.jpg
custom-26	лимонная кислота	Lemon pepper preparation.jpg	CC BY-SA 2.0	'Mararie'	https://commons.wikimedia.org/wiki/File:Lemon_pepper_preparation.jpg
910	лисички	Cantharellus cibarius 2009 G4.jpg	Public domain	George Chernilevsky	https://commons.wikimedia.org/wiki/File:Cantharellus_cibarius_2009_G4.jpg
1574	личи	Lychee fruits and seed.jpg	CC BY-SA 4.0	Ivar Leidus	https://commons.wikimedia.org/wiki/File:Lychee_fruits_and_seed.jpg
1577	лонганы	Longan fruit flesh & skin.jpg	CC BY-SA 4.0	Zenyrgarden	https://commons.wikimedia.org/wiki/File:Longan_fruit_flesh_%26_skin.jpg
sk-419	лосось	Grilled plated salmon fillet (cropped).jpg	CC0	DanaTentis	https://commons.wikimedia.org/wiki/File:Grilled_plated_salmon_fillet_(cropped).jpg
custom-58	лук красный	Red Onion on White.JPG	CC BY-SA 3.0	Colin	https://commons.wikimedia.org/wiki/File:Red_Onion_on_White.JPG
2488	лук репчатый	Allium cepa 5zz.jpg	CC BY-SA 4.0	Photo by David J. Stang	https://commons.wikimedia.org/wiki/File:Allium_cepa_5zz.jpg
sk-741	лук-порей	Fleur de poireau de près.jpg	CC BY-SA 4.0	WikiLucas00	https://commons.wikimedia.org/wiki/File:Fleur_de_poireau_de_pr%C3%A8s.jpg
3815	лук-порошок	Onion Powder, Penzeys Spices, Arlington Heights MA.jpg	CC BY-SA 3.0	John Phelan	https://commons.wikimedia.org/wiki/File:Onion_Powder,_Penzeys_Spices,_Arlington_Heights_MA.jpg
2987	лук-шалот	Shallots.jpg	CC BY-SA 3.0	—	https://commons.wikimedia.org/wiki/File:Shallots.jpg
7959	люциан	Gulai Kapalo Lauak.jpg	CC BY-SA 4.0	Onyaso	https://commons.wikimedia.org/wiki/File:Gulai_Kapalo_Lauak.jpg
sk-548	майонез	Mayonnaise (1).jpg	CC BY 2.0	jules	https://commons.wikimedia.org/wiki/File:Mayonnaise_(1).jpg
3416	майоран	Marjoram in a plastic bin.jpg	CC0	Jeffery Martin	https://commons.wikimedia.org/wiki/File:Marjoram_in_a_plastic_bin.jpg
sk-697	мак	Poppy seeds.jpg	Public domain	Odedr	https://commons.wikimedia.org/wiki/File:Poppy_seeds.jpg
2666	макадамия	Macadamia nuts.jpg	CC0	စာကလေး SarKaLay	https://commons.wikimedia.org/wiki/File:Macadamia_nuts.jpg
sk-561	макароны	(Pasta) by David Adam Kess (pic.2).jpg	CC BY-SA 4.0	David Adam Kess	https://commons.wikimedia.org/wiki/File:(Pasta)_by_David_Adam_Kess_(pic.2).jpg
sk-903	малина	Raspberry - halved (Rubus idaeus).jpg	CC BY-SA 4.0	Ivar Leidus	https://commons.wikimedia.org/wiki/File:Raspberry_-_halved_(Rubus_idaeus).jpg
2398	манго	Mangos - single and halved.jpg	CC BY-SA 4.0	Ivar Leidus	https://commons.wikimedia.org/wiki/File:Mangos_-_single_and_halved.jpg
sk-896	мандарин	Mandarin Oranges (Citrus Reticulata).jpg	CC BY-SA 3.0	Joe Ravi	https://commons.wikimedia.org/wiki/File:Mandarin_Oranges_(Citrus_Reticulata).jpg
sk-614	манка	Sa semolina far.jpg	CC BY-SA 3.0	Sanjay ach	https://commons.wikimedia.org/wiki/File:Sa_semolina_far.jpg
1596	маракуйя	Passiflora Edulis Open Fruit2.jpg	CC BY 3.0	Alexander Klink	https://commons.wikimedia.org/wiki/File:Passiflora_Edulis_Open_Fruit2.jpg
6061	масло авокадо	HK WC 灣仔 Wan Chai 太和街 20 Tai Wo Street 福和大廈 Fook Wo Building shop Concept 品穀 Big Grains November 2021 SS2 16.jpg	CC BY-SA 4.0	Linm KWOU Zhsuwomg	https://commons.wikimedia.org/wiki/File:HK_WC_%E7%81%A3%E4%BB%94_Wan_Chai_%E5%A4%AA%E5%92%8C%E8%A1%97_20_Tai_Wo_Street_%E7%A6%8F%E5%92%8C%E5%A4%A7%E5%BB%88_Fook_Wo_Building_shop_Concept_%E5%93%81%E7%A9%80_Big_Grains_November_2021_SS2_16.jpg
sk-522	масло арахисовое	Peanut butter glass.jpg	CC BY 4.0	Shisma	https://commons.wikimedia.org/wiki/File:Peanut_butter_glass.jpg
sk-523	масло горчичное	Mustard Oil MoteNyinSei.jpg	CC BY-SA 4.0	SarKaLay စာကလေး	https://commons.wikimedia.org/wiki/File:Mustard_Oil_MoteNyinSei.jpg
sk-524	масло какао	Cocoa butter p1410148.JPG	CC BY-SA 3.0	David Monniaux	https://commons.wikimedia.org/wiki/File:Cocoa_butter_p1410148.JPG
4824	масло канола	Great value canola oil in a bottle.JPG	CC BY-SA 4.0	Philipp Michel Reichold	https://commons.wikimedia.org/wiki/File:Great_value_canola_oil_in_a_bottle.JPG
sk-527	масло кокосовое	Coconut oil 2.jpg	CC BY-SA 4.0	Tiia Monto	https://commons.wikimedia.org/wiki/File:Coconut_oil_2.jpg
sk-529	масло кукурузное	Corn oil (mais).jpg	CC BY-SA 3.0	Basilicofresco	https://commons.wikimedia.org/wiki/File:Corn_oil_(mais).jpg
sk-531	масло льняное	2023 Olej lniany LenVitol.jpg	CC BY-SA 4.0	Jacek Halicki	https://commons.wikimedia.org/wiki/File:2023_Olej_lniany_LenVitol.jpg
sk-532	масло оливковое	Olive oil factory – IMG 20241111 163515 2.jpg	CC BY-SA 4.0	Kızıl	https://commons.wikimedia.org/wiki/File:Olive_oil_factory_%E2%80%93_IMG_20241111_163515_2.jpg
sk-534	масло подсолнечное	Sunflower oil and sunflower.jpg	CC BY 4.0	torange.biz	https://commons.wikimedia.org/wiki/File:Sunflower_oil_and_sunflower.jpg
sk-510	масло сливочное	2023 Masło w maselniczce.jpg	CC BY-SA 4.0	Jacek Halicki	https://commons.wikimedia.org/wiki/File:2023_Mas%C5%82o_w_maselniczce.jpg
sk-536	масло соевое	שמן סויה.jpg	CC BY-SA 4.0	המבורגר1987	https://commons.wikimedia.org/wiki/File:%D7%A9%D7%9E%D7%9F_%D7%A1%D7%95%D7%99%D7%94.jpg
sk-513	масло топлёное	Butterschmalz-3.jpg	CC BY-SA 3.0	Rainer Z ...	https://commons.wikimedia.org/wiki/File:Butterschmalz-3.jpg
custom-55	маш	Mung beans (Vigna radiata).jpg	CC BY-SA 4.0	Ivar Leidus	https://commons.wikimedia.org/wiki/File:Mung_beans_(Vigna_radiata).jpg
sk-502	мидии	Miesmuscheln Mytilus 2.jpg	CC BY-SA 2.0	Benutzer:Darkone , 26. Oktober 2003	https://commons.wikimedia.org/wiki/File:Miesmuscheln_Mytilus_2.jpg
sk-693	миндаль	Almonds - in shell, shell cracked open, shelled, blanched.jpg	CC BY-SA 4.0	Ivar Leidus	https://commons.wikimedia.org/wiki/File:Almonds_-_in_shell,_shell_cracked_open,_shelled,_blanched.jpg
sk-384	минтай	Alaska pollack liver roe milt.jpg	CC BY 4.0	yoyo	https://commons.wikimedia.org/wiki/File:Alaska_pollack_liver_roe_milt.jpg
4930	мисо	Wiener Miso - Bio Habanero Miso-paste PNr°1255.jpg	CC BY-SA 4.0	D-Kuru	https://commons.wikimedia.org/wiki/File:Wiener_Miso_-_Bio_Habanero_Miso-paste_PNr%C2%B01255.jpg
sk-53	молоко	Bowl milk glass.jpg	CC BY-SA 3.0	Manfred Heyde	https://commons.wikimedia.org/wiki/File:Bowl_milk_glass.jpg
7841	молоко миндальное	Home-made almond milk, November 2012.jpg	CC BY 2.0	Amazing Almonds	https://commons.wikimedia.org/wiki/File:Home-made_almond_milk,_November_2012.jpg
sk-25	молоко сгущённое	Cans of Condensed Milk on the store shelf.jpg	CC0	JustKronos	https://commons.wikimedia.org/wiki/File:Cans_of_Condensed_Milk_on_the_store_shelf.jpg
7703	молоко соевое	Hot Coffee meets Soy Milk(2).jpg	CC BY-SA 4.0	Mr.ちゅらさん	https://commons.wikimedia.org/wiki/File:Hot_Coffee_meets_Soy_Milk(2).jpg
sk-773	морковь	Carrots at Ljubljana Central Market.JPG	CC BY 4.0	domdomegg	https://commons.wikimedia.org/wiki/File:Carrots_at_Ljubljana_Central_Market.JPG
sk-115	мороженое	Cuiller à glace.jpg	CC BY-SA 3.0	Clément Bucco-Lechat	https://commons.wikimedia.org/wiki/File:Cuiller_%C3%A0_glace.jpg
sk-916	морошка	Rubus chamaemorus close-up.JPG	Public domain	—	https://commons.wikimedia.org/wiki/File:Rubus_chamaemorus_close-up.JPG
3175	мука гречневая	Buckwheat and products from it 01.jpg	CC BY-SA 4.0	Andrey Korzun	https://commons.wikimedia.org/wiki/File:Buckwheat_and_products_from_it_01.jpg
7863	мука кокосовая	Coconut Tree.JPG	CC BY 3.0	Anoopan at Malayalam Wikipedia	https://commons.wikimedia.org/wiki/File:Coconut_Tree.JPG
sk-673	мука кукурузная	Corn flour for sale.jpg	CC BY-SA 4.0	Tenaciuos Ntaawa	https://commons.wikimedia.org/wiki/File:Corn_flour_for_sale.jpg
7845	мука миндальная	Almond meal by hand.jpg	CC BY-SA 2.0	Yun Huang Yong	https://commons.wikimedia.org/wiki/File:Almond_meal_by_hand.jpg
7846	мука овсяная	Avena sativa L.jpg	CC BY-SA 3.0	Sendelbach ( talk )	https://commons.wikimedia.org/wiki/File:Avena_sativa_L.jpg
sk-584	мука пшеничная	Wheat-flour.jpg	CC BY-SA 4.0	هارون يحيى	https://commons.wikimedia.org/wiki/File:Wheat-flour.jpg
4511	мука пшённая	Ragi millet flour.jpg	CC BY-SA 4.0	Medhi jyoti	https://commons.wikimedia.org/wiki/File:Ragi_millet_flour.jpg
sk-629	мука ржаная	Rye Flour (5811761026).jpg	CC BY-SA 2.0	Veganbaking.net from USA	https://commons.wikimedia.org/wiki/File:Rye_Flour_(5811761026).jpg
custom-10	мускатный орех	Nutmeg ready.jpg	CC BY-SA 4.0	Terrence Coombes	https://commons.wikimedia.org/wiki/File:Nutmeg_ready.jpg
5963	мята	Mint leaves (Mentha spicata).jpg	CC BY-SA 4.0	Commonists	https://commons.wikimedia.org/wiki/File:Mint_leaves_(Mentha_spicata).jpg
2128	мёд	Three French monofloral honey jars.jpg	CC BY 4.0	Hayden Soloviev	https://commons.wikimedia.org/wiki/File:Three_French_monofloral_honey_jars.jpg
sk-387	навага	БСЭ1. Навага.jpg	Public domain	Неизвестен	https://commons.wikimedia.org/wiki/File:%D0%91%D0%A1%D0%AD1._%D0%9D%D0%B0%D0%B2%D0%B0%D0%B3%D0%B0.jpg
2402	нектарин	Nectarine Fruit Development.jpg	CC BY-SA 3.0	jjron	https://commons.wikimedia.org/wiki/File:Nectarine_Fruit_Development.jpg
sk-421	нерка	Oncorhynchus nerka.jpg	Public domain	Timothy Knepp of the Fish and Wildlife Service.	https://commons.wikimedia.org/wiki/File:Oncorhynchus_nerka.jpg
7865	нут	India - Varanasi green peas - 2714.jpg	CC BY-SA 3.0	Jorge Royan	https://commons.wikimedia.org/wiki/File:India_-_Varanasi_green_peas_-_2714.jpg
sk-906	облепиха	Harvesting wolfberries - 2024.jpg	CC0	Fumikas Sagisavas	https://commons.wikimedia.org/wiki/File:Harvesting_wolfberries_-_2024.jpg
sk-638	овсянка	Oatmeal porridge with fruits.jpg	CC BY 4.0	Shisma	https://commons.wikimedia.org/wiki/File:Oatmeal_porridge_with_fruits.jpg
custom-51	овсяные хлопья	Rolled oats.jpg	Public domain	en:user:Hankwang	https://commons.wikimedia.org/wiki/File:Rolled_oats.jpg
7849	овёс	Banana blueberry oatmeal.jpg	CC BY 4.0	Shisma	https://commons.wikimedia.org/wiki/File:Banana_blueberry_oatmeal.jpg
897	огурец	Cucumber in jaffna.JPG	CC BY-SA 3.0	Maathavan	https://commons.wikimedia.org/wiki/File:Cucumber_in_jaffna.JPG
sk-810	огурцы солёные	Polish style pickled cucumbers IMGP0529.jpg	CC BY-SA 3.0	Nikodem Nijaki	https://commons.wikimedia.org/wiki/File:Polish_style_pickled_cucumbers_IMGP0529.jpg
sk-447	окунь морской	Sebastes mentella.jpg	CC BY 4.0	Havforskningsinstituttet	https://commons.wikimedia.org/wiki/File:Sebastes_mentella.jpg
sk-446	окунь речной	Yellow Perch (Perca flavescens).jpg	Public domain	USFWS Mountain Prairie	https://commons.wikimedia.org/wiki/File:Yellow_Perch_(Perca_flavescens).jpg
6343	оленина	Venison Steaks.jpg	CC BY-SA 2.0	FotoosVanRobin from Netherlands	https://commons.wikimedia.org/wiki/File:Venison_Steaks.jpg
sk-698	оливки	Olea europaea 20110419a.jpg	CC BY-SA 4.0	Luis Fernández García	https://commons.wikimedia.org/wiki/File:Olea_europaea_20110419a.jpg
sk-856	опята	Dunkler Hallimasch (Armillaria ostoyae) Bruderwald-20251022-RM-164721.jpg	CC BY-SA 4.0	Reinhold Möller Ermell	https://commons.wikimedia.org/wiki/File:Dunkler_Hallimasch_(Armillaria_ostoyae)_Bruderwald-20251022-RM-164721.jpg
custom-15	орегано	Dried Oregano.JPG	CC BY-SA 4.0	Revital Salomon	https://commons.wikimedia.org/wiki/File:Dried_Oregano.JPG
6706	осьминог	Octopus2.jpg	CC BY-SA 3.0	albert kok	https://commons.wikimedia.org/wiki/File:Octopus2.jpg
sk-442	осётр	White Sturgeon 2510.jpg	CC BY-SA 4.0	Chris Light	https://commons.wikimedia.org/wiki/File:White_Sturgeon_2510.jpg
1360	отруби овсяные	Applesauce oat bran muffins (42274838985).jpg	CC BY 2.0	Joey Doll	https://commons.wikimedia.org/wiki/File:Applesauce_oat_bran_muffins_(42274838985).jpg
sk-1097	отруби пшеничные	WheatBran.jpg	CC BY-SA 2.5	No machine-readable author provided. Alistair1978 assumed (based on copyright claims).	https://commons.wikimedia.org/wiki/File:WheatBran.jpg
2201	отруби рисовые	Rice Bran Oil.jpeg	CC0	Dennis Sylvester Hurd	https://commons.wikimedia.org/wiki/File:Rice_Bran_Oil.jpeg
sk-342	охотничьи колбаски	French sausages in a french restaurant siem reap.jpg	CC BY-SA 4.0	FoodHunter	https://commons.wikimedia.org/wiki/File:French_sausages_in_a_french_restaurant_siem_reap.jpg
3812	пажитник	Washed fenugreek leaves for cooking methi-chadachadi.jpg	CC BY-SA 4.0	Subhashish Panigrahi	https://commons.wikimedia.org/wiki/File:Washed_fenugreek_leaves_for_cooking_methi-chadachadi.jpg
sk-408	палтус	Hippoglossus-hippoglossus-idlm2005.jpg	CC BY-SA 3.0	Matthieu Godbout	https://commons.wikimedia.org/wiki/File:Hippoglossus-hippoglossus-idlm2005.jpg
2414	папайя	Papaya - longitudinal section close-up view.jpg	CC BY-SA 4.0	Ivar Leidus	https://commons.wikimedia.org/wiki/File:Papaya_-_longitudinal_section_close-up_view.jpg
custom-6	паприка	Aleva paprika.jpg	CC BY-SA 4.0	Ljiljana Sundać	https://commons.wikimedia.org/wiki/File:Aleva_paprika.jpg
2905	пастернак	Pastinaca sativa Blüten.jpg	CC BY-SA 2.5	Darkone ( talk · contribs )	https://commons.wikimedia.org/wiki/File:Pastinaca_sativa_Bl%C3%BCten.jpg
sk-947	пастила	Hustenbonbon.JPG	CC BY-SA 3.0	Thogru	https://commons.wikimedia.org/wiki/File:Hustenbonbon.JPG
1308	патока	Blackstrapmolasses.JPG	CC BY 3.0	Badagnani	https://commons.wikimedia.org/wiki/File:Blackstrapmolasses.JPG
5416	паштет куриный	Pate of Chicken Liver.jpg	CC BY-SA 3.0	Tzahy Lerner	https://commons.wikimedia.org/wiki/File:Pate_of_Chicken_Liver.jpg
2670	пекан	2 pecan nut halves.jpg	CC BY-SA 3.0	—	https://commons.wikimedia.org/wiki/File:2_pecan_nut_halves.jpg
7063	пепперони	Lamb pepperoni cropped.jpg	CC BY-SA 4.0	Chiring chandan	https://commons.wikimedia.org/wiki/File:Lamb_pepperoni_cropped.jpg
3421	перец белый	White Peppercorns.jpg	CC0	Misterneedlemouse	https://commons.wikimedia.org/wiki/File:White_Peppercorns.jpg
7843	перец болгарский	Baby Bell pepper Capsicum annuum 3.jpg	CC BY-SA 3.0	W.Rebel	https://commons.wikimedia.org/wiki/File:Baby_Bell_pepper_Capsicum_annuum_3.jpg
3803	перец душистый	Allspice Berries (2426054523).jpg	CC BY 2.0	Ryan Snyder	https://commons.wikimedia.org/wiki/File:Allspice_Berries_(2426054523).jpg
2594	перец острый	Red Hot Chili Peppers Bologna 2016.jpg	CC BY-SA 4.0	Roberto Gianardi	https://commons.wikimedia.org/wiki/File:Red_Hot_Chili_Peppers_Bologna_2016.jpg
custom-61	перец чили	Man turns drying chili peppers, Turkey.jpg	CC BY-SA 4.0	Rotadefterim	https://commons.wikimedia.org/wiki/File:Man_turns_drying_chili_peppers,_Turkey.jpg
custom-1	перец чёрный	Black peppercorns gn.jpg	CC BY-SA 4.0	Gnangcomapp	https://commons.wikimedia.org/wiki/File:Black_peppercorns_gn.jpg
sk-659	перловка	UzRice pearl barley (perlovaya krupa) packaging.jpg	CC BY-SA 4.0	Uzunnun	https://commons.wikimedia.org/wiki/File:UzRice_pearl_barley_(perlovaya_krupa)_packaging.jpg
sk-867	персик	PrunusPersica4.jpg	CC BY-SA 3.0	Fanghong	https://commons.wikimedia.org/wiki/File:PrunusPersica4.jpg
sk-702	петрушка	Petroselinum crispum brote.jpg	CC BY-SA 4.0	Maurocatanese86	https://commons.wikimedia.org/wiki/File:Petroselinum_crispum_brote.jpg
1939	печень говяжья	Raw veal liver, 2010.jpg	CC BY 2.0	Javier Lastras	https://commons.wikimedia.org/wiki/File:Raw_veal_liver,_2010.jpg
4903	печень гусиная	Foie gras IMGP2356.jpg	CC BY-SA 3.0	Nikodem Nijaki	https://commons.wikimedia.org/wiki/File:Foie_gras_IMGP2356.jpg
sk-202	печень свиная	Pork liver 31.jpg	CC BY-SA 4.0	SwarmCheng	https://commons.wikimedia.org/wiki/File:Pork_liver_31.jpg
sk-482	печень трески	Russian Cod liver in an opened can.jpg	CC BY-SA 3.0	A.Savin	https://commons.wikimedia.org/wiki/File:Russian_Cod_liver_in_an_opened_can.jpg
sk-1076	пиво	Von Trapp beer glass with beer 2021 001.jpg	CC BY-SA 4.0	Adam S. Keck	https://commons.wikimedia.org/wiki/File:Von_Trapp_beer_glass_with_beer_2021_001.jpg
custom-65	пикша	Haddock, corn, and asparagus - Massachusetts.jpg	CC0	Daderot	https://commons.wikimedia.org/wiki/File:Haddock,_corn,_and_asparagus_-_Massachusetts.jpg
1618	плантаны	An entire cluster of plantains.jpg	CC BY-SA 3.0	Thamizhpparithi Maari	https://commons.wikimedia.org/wiki/File:An_entire_cluster_of_plantains.jpg
sk-857	подберёзовики	Spinus-orange-birch-bolete-2014-10-n014756-w.jpg	CC BY-SA 3.0	Spinus Nature Photography ( Spinusnet )	https://commons.wikimedia.org/wiki/File:Spinus-orange-birch-bolete-2014-10-n014756-w.jpg
sk-858	подосиновики	Labeled as Aspen Bolete. Leccinum aurantiacum. (a16dc0de8c6e41ef800a2dd06773d5cb).JPG	Public domain	Steve Redman ( MORA )	https://commons.wikimedia.org/wiki/File:Labeled_as_Aspen_Bolete._Leccinum_aurantiacum._(a16dc0de8c6e41ef800a2dd06773d5cb).JPG
custom-53	полба	Kifli made with spelt flour (Serbian cuisine).jpg	CC BY-SA 4.0	Petar Milošević	https://commons.wikimedia.org/wiki/File:Kifli_made_with_spelt_flour_(Serbian_cuisine).jpg
sk-821	помидор	Turkish egg dish Menemen.jpg	CC BY-SA 4.0	E4024	https://commons.wikimedia.org/wiki/File:Turkish_egg_dish_Menemen.jpg
sk-198	почки говяжьи	BeefKidney-nyrky.jpg	CC BY-SA 3.0	Kagor	https://commons.wikimedia.org/wiki/File:BeefKidney-nyrky.jpg
sk-203	почки свиные	Wok-Fried Pork Kidney.jpg	CC BY-SA 4.0	Zheng Zhou	https://commons.wikimedia.org/wiki/File:Wok-Fried_Pork_Kidney.jpg
2190	просо	Drying millet grains in Uganda 01.jpg	CC BY-SA 4.0	Coleb100	https://commons.wikimedia.org/wiki/File:Drying_millet_grains_in_Uganda_01.jpg
sk-15	простокваша	Snails and curdled milk 74 Sunbury St Geebung L1090220.jpg	CC0	John Robert McPherson	https://commons.wikimedia.org/wiki/File:Snails_and_curdled_milk_74_Sunbury_St_Geebung_L1090220.jpg
custom-52	пшеница	Grinding wheat ears into grains.jpg	CC BY-SA 4.0	Ahmed Flex777	https://commons.wikimedia.org/wiki/File:Grinding_wheat_ears_into_grains.jpg
sk-666	пшено	Millet groats 11.jpg	CC BY-SA 4.0	BogTar201213	https://commons.wikimedia.org/wiki/File:Millet_groats_11.jpg
custom-22	разрыхлитель	Backpulver RZ.jpg	CC BY-SA 3.0	Rainer Z ...	https://commons.wikimedia.org/wiki/File:Backpulver_RZ.jpg
sk-497	раки речные	Selling crayfish 06.jpg	CC BY-SA 4.0	Ogalihillary	https://commons.wikimedia.org/wiki/File:Selling_crayfish_06.jpg
sk-703	ревень	Rheum rhabarbarum.2006-04-27.uellue.jpg	CC BY-SA 3.0	Dieter Weber ( User:Uellue )	https://commons.wikimedia.org/wiki/File:Rheum_rhabarbarum.2006-04-27.uellue.jpg
sk-796	редис	Radish 3371103037 4ab07db0bf o.jpg	CC BY-SA 3.0	Self, en:User:Jengod	https://commons.wikimedia.org/wiki/File:Radish_3371103037_4ab07db0bf_o.jpg
sk-804	редька	Daikon.Japan.jpg	CC BY-SA 3.0	Chris 73	https://commons.wikimedia.org/wiki/File:Daikon.Japan.jpg
sk-800	репа	White turnip 2017 B7.jpg	CC0	Fructibus	https://commons.wikimedia.org/wiki/File:White_turnip_2017_B7.jpg
1372	ржаное зерно	Rye grains.JPG	CC BY-SA 3.0	Agronom	https://commons.wikimedia.org/wiki/File:Rye_grains.JPG
sk-644	рис	White rice on a brown table.jpg	CC0	ImageParty	https://commons.wikimedia.org/wiki/File:White_rice_on_a_brown_table.jpg
5961	розмарин	Salvia rosmarinus 5Dsr 0083.jpg	CC BY-SA 4.0	SAplants	https://commons.wikimedia.org/wiki/File:Salvia_rosmarinus_5Dsr_0083.jpg
1875	руккола	Eruca sativa 1 IP0206101.jpg	Public domain	Leo Michels	https://commons.wikimedia.org/wiki/File:Eruca_sativa_1_IP0206101.jpg
sk-878	рябина	Sorbus aucuparia 2022 G1.jpg	CC BY-SA 4.0	George Chernilevsky	https://commons.wikimedia.org/wiki/File:Sorbus_aucuparia_2022_G1.jpg
sk-18	ряженка	Ryazhenka16c.JPG	CC BY-SA 3.0	Off-shell	https://commons.wikimedia.org/wiki/File:Ryazhenka16c.JPG
sk-434	сазан	Carassius wild golden fish 2013 G1 (2).jpg	CC0	George Chernilevsky	https://commons.wikimedia.org/wiki/File:Carassius_wild_golden_fish_2013_G1_(2).jpg
custom-70	сало	Serving of lard in one of the restaurants in Minsk, Republic of Belarus.JPG	CC BY-SA 4.0	Horakvlado	https://commons.wikimedia.org/wiki/File:Serving_of_lard_in_one_of_the_restaurants_in_Minsk,_Republic_of_Belarus.JPG
sk-328	сардельки	Frankfurter wurst.JPG	Public domain	KVDP	https://commons.wikimedia.org/wiki/File:Frankfurter_wurst.JPG
sk-935	сахар	Sugar 1.jpg	CC BY-SA 4.0	Gaurav Dhwaj Khadka	https://commons.wikimedia.org/wiki/File:Sugar_1.jpg
2863	свекольная зелень	Beetroot(1).jpg	CC BY-SA 4.0	Kiwima	https://commons.wikimedia.org/wiki/File:Beetroot(1).jpg
sk-181	свинина	HK food ingredient red meat frozen pork chop raw butt steak October 2021 SS2 013.jpg	CC BY-SA 4.0	Presixlla MOON	https://commons.wikimedia.org/wiki/File:HK_food_ingredient_red_meat_frozen_pork_chop_raw_butt_steak_October_2021_SS2_013.jpg
sk-784	свёкла	Beetroot(1).jpg	CC BY-SA 4.0	Kiwima	https://commons.wikimedia.org/wiki/File:Beetroot(1).jpg
sk-704	сельдерей	Bloody Mary Coctail with celery stalk - Evan Swigart.jpg	CC BY 2.0	Evan Swigart from Chicago, USA	https://commons.wikimedia.org/wiki/File:Bloody_Mary_Coctail_with_celery_stalk_-_Evan_Swigart.jpg
7604	сельдь	Herring (PSF).png	Public domain	Pearson Scott Foresman	https://commons.wikimedia.org/wiki/File:Herring_(PSF).png
custom-66	семга	Grilled plated salmon fillet (cropped).jpg	CC0	DanaTentis	https://commons.wikimedia.org/wiki/File:Grilled_plated_salmon_fillet_(cropped).jpg
3804	семена аниса	Anise Seed.jpg	CC BY-SA 3.0	OttawaAC	https://commons.wikimedia.org/wiki/File:Anise_Seed.jpg
3417	семена горчицы	Senf-Variationen.jpg	CC BY-SA 3.0	Rainer Zenz	https://commons.wikimedia.org/wiki/File:Senf-Variationen.jpg
3411	семена тмина	Caraway Carum carvi H5256 VI08 C.jpg	CC BY-SA 3.0	Anneli Salo	https://commons.wikimedia.org/wiki/File:Caraway_Carum_carvi_H5256_VI08_C.jpg
3044	семена тыквы	Pumpkin Seeds macro 1.jpg	CC BY 3.0	Daniel Schwen	https://commons.wikimedia.org/wiki/File:Pumpkin_Seeds_macro_1.jpg
3413	семена укропа	Dill seed.JPG	Public domain	Miansari66	https://commons.wikimedia.org/wiki/File:Dill_seed.JPG
3042	семена чиа	Semillas de Chía.jpg	CC BY-SA 3.0	Magister Mathematicae	https://commons.wikimedia.org/wiki/File:Semillas_de_Ch%C3%ADa.jpg
sk-700	семечки подсолнечника	Sunflower with seeds 02.jpg	CC BY-SA 4.0	Kritzolina	https://commons.wikimedia.org/wiki/File:Sunflower_with_seeds_02.jpg
1902	семя льна	From flax to linseed oil..JPG	CC BY-SA 3.0	Handwerker	https://commons.wikimedia.org/wiki/File:From_flax_to_linseed_oil..JPG
custom-63	сердце говяжье	Beef heart 1.jpg	CC BY 4.0	donza	https://commons.wikimedia.org/wiki/File:Beef_heart_1.jpg
7607	скумбрия	Maquereaux etal.jpg	Public domain	Jastrow	https://commons.wikimedia.org/wiki/File:Maquereaux_etal.jpg
7853	сладкий картофель	Ipomoea batatas (Sweet Potato) Flower.jpg	CC BY-SA 3.0	Earth100	https://commons.wikimedia.org/wiki/File:Ipomoea_batatas_(Sweet_Potato)_Flower.jpg
sk-869	слива	Plum - fruit x1.jpg	CC BY-SA 3.0	Unuplusunu	https://commons.wikimedia.org/wiki/File:Plum_-_fruit_x1.jpg
sk-59	сливки	-2019-09-11 Susie Cooper Lustre cream jug (1).JPG	CC BY-SA 4.0	Kolforn ( Kolforn ) I'd appreciate if you could mail me (Kolforn@gmail.com) if you want to use this picture out of the Wikimedia project scope. This file is licensed under the Creative Commons Attribution-Share Alike 4.0 International license. You are free: to share – to copy, distribute and transmit the work to remix – to adapt the work Under the following conditions: attribution – You must give appropriate credit, provide a link to the license, and indicate if changes were made. You may do so in any reasonable manner, but not in any way that suggests the licensor endorses you or your use. share alike – If you remix, transform, or build upon the material, you must distribute your contributions under the same or compatible license as the original. https://creativecommons.org/licenses/by-sa/4.0 CC BY-SA 4.0 Creative Commons Attribution-Share Alike 4.0 true true	https://commons.wikimedia.org/wiki/File:-2019-09-11_Susie_Cooper_Lustre_cream_jug_(1).JPG
sk-73	сметана	Sour Cream.jpg	CC BY 2.0	jules	https://commons.wikimedia.org/wiki/File:Sour_Cream.jpg
sk-907	смородина белая	White currants in basket 2020 G1.jpg	Public domain	George Chernilevsky	https://commons.wikimedia.org/wiki/File:White_currants_in_basket_2020_G1.jpg
sk-908	смородина красная	Redcurrant (Ribes rubrum) fruits.jpg	CC BY-SA 4.0	Ivar Leidus	https://commons.wikimedia.org/wiki/File:Redcurrant_(Ribes_rubrum)_fruits.jpg
sk-909	смородина чёрная	-2021-07-01 Unripe Blackcurrant berries, Trimingham, Norfolk.JPG	CC BY-SA 4.0	Kolforn ( Kolforn ) I'd appreciate if you could mail me (Kolforn@gmail.com) if you want to use this picture out of the Wikimedia project scope. This file is licensed under the Creative Commons Attribution-Share Alike 4.0 International license. You are free: to share – to copy, distribute and transmit the work to remix – to adapt the work Under the following conditions: attribution – You must give appropriate credit, provide a link to the license, and indicate if changes were made. You may do so in any reasonable manner, but not in any way that suggests the licensor endorses you or your use. share alike – If you remix, transform, or build upon the material, you must distribute your contributions under the same or compatible license as the original. https://creativecommons.org/licenses/by-sa/4.0 CC BY-SA 4.0 Creative Commons Attribution-Share Alike 4.0 true true	https://commons.wikimedia.org/wiki/File:-2021-07-01_Unripe_Blackcurrant_berries,_Trimingham,_Norfolk.JPG
911	сморчки	Morchella conica 1 beentree.jpg	CC BY-SA 4.0	Beentree	https://commons.wikimedia.org/wiki/File:Morchella_conica_1_beentree.jpg
custom-17	сода	Sodium bicarbonate CN brightened.png	CC0	Tszrkx	https://commons.wikimedia.org/wiki/File:Sodium_bicarbonate_CN_brightened.png
6766	соевый соус	Soy sauce 2.jpg	CC BY-SA 2.0 kr	국립국어원	https://commons.wikimedia.org/wiki/File:Soy_sauce_2.jpg
sk-1013	сок абрикосовый	Zombiecocktail.jpg	CC BY-SA 3.0	Magnetic Rag	https://commons.wikimedia.org/wiki/File:Zombiecocktail.jpg
sk-1015	сок ананасовый	Pineapple Juice in Glass Jar.jpg	CC BY-SA 4.0	Srini297	https://commons.wikimedia.org/wiki/File:Pineapple_Juice_in_Glass_Jar.jpg
sk-1016	сок апельсиновый	(a glass of orange juice bread with and jelly and a waffle).jpg	CC BY-SA 4.0	David Adam Kess	https://commons.wikimedia.org/wiki/File:(a_glass_of_orange_juice_bread_with_and_jelly_and_a_waffle).jpg
sk-1017	сок виноградный	Glass of grape juice.jpeg	CC BY-SA 3.0	Oyp	https://commons.wikimedia.org/wiki/File:Glass_of_grape_juice.jpeg
sk-1018	сок вишнёвый	Cherry juice 2 tall 1 short glass 259A7251.jpg	CC BY-SA 4.0	Betty Wills (Atsme)	https://commons.wikimedia.org/wiki/File:Cherry_juice_2_tall_1_short_glass_259A7251.jpg
sk-1019	сок гранатовый	Pomegranate Juice Fresh.JPG	Public domain	Miansari66	https://commons.wikimedia.org/wiki/File:Pomegranate_Juice_Fresh.JPG
sk-1020	сок грейпфрутовый	Self-made gin pink grapefruit long drink.jpg	CC BY-SA 3.0	JIP	https://commons.wikimedia.org/wiki/File:Self-made_gin_pink_grapefruit_long_drink.jpg
644	сок лайма	Rose's Lime Juice.JPG	Public domain	H005	https://commons.wikimedia.org/wiki/File:Rose%27s_Lime_Juice.JPG
sk-1021	сок лимонный	Lemon.jpg	CC BY-SA 2.5	André Karwath aka Aka	https://commons.wikimedia.org/wiki/File:Lemon.jpg
1598	сок маракуйи	Passiflora Edulis Closed Fruit.jpg	CC BY 3.0	Alexander Klink	https://commons.wikimedia.org/wiki/File:Passiflora_Edulis_Closed_Fruit.jpg
sk-1029	сок морковный	GlassOfJuice and carrots.JPG	CC BY 3.0	Salix	https://commons.wikimedia.org/wiki/File:GlassOfJuice_and_carrots.JPG
sk-1031	сок томатный	Four sandwiches on display with tomatos and a juice glass behind them (49430791396).jpg	CC BY 2.0	Nenad Stojkovic from Srbija	https://commons.wikimedia.org/wiki/File:Four_sandwiches_on_display_with_tomatos_and_a_juice_glass_behind_them_(49430791396).jpg
sk-1025	сок чёрной смородины	Ribena blackcurrant juice drink.jpg	CC0	Mx. Granger	https://commons.wikimedia.org/wiki/File:Ribena_blackcurrant_juice_drink.jpg
sk-1028	сок яблочный	Russet apple juice.JPG	CC BY-SA 3.0	Zigzig20s	https://commons.wikimedia.org/wiki/File:Russet_apple_juice.JPG
5956	соль	Salt shaker on white background.jpg	CC BY 2.0	Dubravko Sorić SoraZG on Flickr	https://commons.wikimedia.org/wiki/File:Salt_shaker_on_white_background.jpg
sk-473	сом	Siluriformes montage.jpg	CC BY-SA 4.0	Basenji1908	https://commons.wikimedia.org/wiki/File:Siluriformes_montage.jpg
sk-331	сосиски	Frankfurter wurst.JPG	Public domain	KVDP	https://commons.wikimedia.org/wiki/File:Frankfurter_wurst.JPG
1770	соя	Goya champuru (bitter gourd stir-flies) (868640691).jpg	CC BY-SA 2.0	pelican from Tokyo, Japan	https://commons.wikimedia.org/wiki/File:Goya_champuru_(bitter_gourd_stir-flies)_(868640691).jpg
sk-714	спаржа	Asparagus soup (spargelsuppe).jpg	CC BY-SA 4.0	Petar Milošević	https://commons.wikimedia.org/wiki/File:Asparagus_soup_(spargelsuppe).jpg
2579	спирулина	Spirulina-powder-shadow.jpg	CC BY-SA 3.0	Music4thekids	https://commons.wikimedia.org/wiki/File:Spirulina-powder-shadow.jpg
sk-380	ставрида	Chicharros (Trachurus trachurus) secos, Mercado Duque de Bragança, Angra do Heroísmo, isla de Terceira, Azores, Portugal, 2020-07-25, DD 03.jpg	CC BY-SA 4.0	Diego Delso	https://commons.wikimedia.org/wiki/File:Chicharros_(Trachurus_trachurus)_secos,_Mercado_Duque_de_Bragan%C3%A7a,_Angra_do_Hero%C3%ADsmo,_isla_de_Terceira,_Azores,_Portugal,_2020-07-25,_DD_03.jpg
sk-457	судак	Bersh 01.jpg	CC BY-SA 3.0	Администрация Волгоградской области	https://commons.wikimedia.org/wiki/File:Bersh_01.jpg
sk-150	сулугуни	Discs-of-sulguni-cheese.jpg	CC BY 3.0	Georgian Recipes at Georgia About	https://commons.wikimedia.org/wiki/File:Discs-of-sulguni-cheese.jpg
custom-68	сыворотка	Soured milk whey.avrs-56.jpg	CC BY-SA 3.0	AVRS	https://commons.wikimedia.org/wiki/File:Soured_milk_whey.avrs-56.jpg
sk-145	сыр	Parmesan cheese knife on block of cheese.jpg	CC0	Benoît Prieur	https://commons.wikimedia.org/wiki/File:Parmesan_cheese_knife_on_block_of_cheese.jpg
sk-859	сыроежки	Russula paludosa steak.jpg	CC BY-SA 4.0	Abuluntu	https://commons.wikimedia.org/wiki/File:Russula_paludosa_steak.jpg
sk-78	творог	Cottage Cheese.jpg	CC BY-SA 2.0	Stu Spivack - flickr.com	https://commons.wikimedia.org/wiki/File:Cottage_Cheese.jpg
sk-184	телятина	Raw veal liver, 2010.jpg	CC BY 2.0	Javier Lastras	https://commons.wikimedia.org/wiki/File:Raw_veal_liver,_2010.jpg
7664	тилапия	Tilapia fish at Siantar Zoo.jpg	CC BY 4.0	Nafisathallah	https://commons.wikimedia.org/wiki/File:Tilapia_fish_at_Siantar_Zoo.jpg
5958	тимьян	Ingredients- Mixtura cum Caseo (Cheese & Herb Purée) (16174837958).jpg	CC BY-SA 2.0	Carole Raddato from FRANKFURT, Germany	https://commons.wikimedia.org/wiki/File:Ingredients-_Mixtura_cum_Caseo_(Cheese_%26_Herb_Pur%C3%A9e)_(16174837958).jpg
custom-8	тмин	Cumin seed.jpg	CC BY-SA 4.0	W.alter	https://commons.wikimedia.org/wiki/File:Cumin_seed.jpg
sk-637	толокно	Kama.jpg	CC BY-SA 3.0	Mmh	https://commons.wikimedia.org/wiki/File:Kama.jpg
sk-823	томатная паста	Tomato paste on spoon.jpg	CC BY-SA 3.0	SKopp	https://commons.wikimedia.org/wiki/File:Tomato_paste_on_spoon.jpg
sk-772	топинамбур	Jerusalem artichoke soup at a sittning.jpg	CC BY-SA 4.0	JIP	https://commons.wikimedia.org/wiki/File:Jerusalem_artichoke_soup_at_a_sittning.jpg
4963	тофу	Tofu Sisig.jpg	CC BY-SA 4.0	Louiesemendez	https://commons.wikimedia.org/wiki/File:Tofu_Sisig.jpg
4443	треска	Atlantic Cod, Atlantischer Kabeljau (Gadus morhua).jpg	CC BY-SA 4.0	Wilhelm Thomas Fiege	https://commons.wikimedia.org/wiki/File:Atlantic_Cod,_Atlantischer_Kabeljau_(Gadus_morhua).jpg
sk-463	тунец	Tuna fish and cheddar cheese on toast, with capers - Massachusetts.jpg	CC0	Daderot	https://commons.wikimedia.org/wiki/File:Tuna_fish_and_cheddar_cheese_on_toast,_with_capers_-_Massachusetts.jpg
sk-837	тыква	Cucurbita 2011 G1.jpg	Public domain	George Chernilevsky	https://commons.wikimedia.org/wiki/File:Cucurbita_2011_G1.jpg
6681	угорь	Anguillidae Anguilla anguilla 1.jpg	CC BY-SA 4.0	NasserHalaweh	https://commons.wikimedia.org/wiki/File:Anguillidae_Anguilla_anguilla_1.jpg
4721	укроп	Dill herbs.jpg	CC BY 4.0	SA, The Green Ark Bostanie	https://commons.wikimedia.org/wiki/File:Dill_herbs.jpg
4729	уксус	Vintage vinegar bottle - 2023-06 -02 - Andy Mabbett.jpg	CC BY-SA 4.0	Andy Mabbett	https://commons.wikimedia.org/wiki/File:Vintage_vinegar_bottle_-_2023-06_-02_-_Andy_Mabbett.jpg
4466	устрица	Oysters p1040741.jpg	CC BY-SA 3.0	David Monniaux	https://commons.wikimedia.org/wiki/File:Oysters_p1040741.jpg
sk-194	утка	Tiet.jpg	CC BY-SA 3.0	YordanZhamNguyen	https://commons.wikimedia.org/wiki/File:Tiet.jpg
7811	фасоль белая	White beans 04.jpg	CC BY-SA 4.0	Confueledz	https://commons.wikimedia.org/wiki/File:White_beans_04.jpg
7810	фасоль красная	Red Speckled Kidney Beans.jpg	CC BY-SA 4.0	Sanjay Acharya	https://commons.wikimedia.org/wiki/File:Red_Speckled_Kidney_Beans.jpg
sk-685	фасоль стручковая	Four Different Varieties of Green Beans (Phaseolus vulgaris).jpg	CC BY-SA 4.0	Christopher Franz	https://commons.wikimedia.org/wiki/File:Four_Different_Varieties_of_Green_Beans_(Phaseolus_vulgaris).jpg
7814	фасоль чёрная	Black Turtle Bean.jpg	CC BY-SA 3.0	Sanjay Acharya	https://commons.wikimedia.org/wiki/File:Black_Turtle_Bean.jpg
3811	фенхель	Fennel bulb from Brazil.jpg	CC BY-SA 4.0	Mauro Cateb	https://commons.wikimedia.org/wiki/File:Fennel_bulb_from_Brazil.jpg
sk-873	финики	Dates fruit.jpg	CC BY-SA 4.0	Hajia Hijjah	https://commons.wikimedia.org/wiki/File:Dates_fruit.jpg
custom-69	фисташки	Walnuts pistachios cashew almonds.jpg	CC0	piviso.com	https://commons.wikimedia.org/wiki/File:Walnuts_pistachios_cashew_almonds.jpg
433	фокачча	Focaccia with Crumb.jpg	CC BY-SA 4.0	Fred Benenson	https://commons.wikimedia.org/wiki/File:Focaccia_with_Crumb.jpg
6205	форель	Erwin National Fish Hatchery eyed rainbow trout eggs 14 March 2022.png	Public domain	Makenzie Foster/USFWS	https://commons.wikimedia.org/wiki/File:Erwin_National_Fish_Hatchery_eyed_rainbow_trout_eggs_14_March_2022.png
1555	фрикадельки	Lamb Meatballs and Rice.jpg	CC BY 4.0	روتانا	https://commons.wikimedia.org/wiki/File:Lamb_Meatballs_and_Rice.jpg
441	фруктовый сироп	Foto sirupy.jpg	CC BY-SA 4.0	Kitljablonec	https://commons.wikimedia.org/wiki/File:Foto_sirupy.jpg
3069	фундук	Hazelnuts (Corylus avellana) - whole with kernels.jpg	CC BY-SA 4.0	Ivar Leidus	https://commons.wikimedia.org/wiki/File:Hazelnuts_(Corylus_avellana)_-_whole_with_kernels.jpg
sk-951	халва	Iraqi Halva-Mosul 01.jpg	CC BY-SA 4.0	Abdulsalam Al Dabbagh	https://commons.wikimedia.org/wiki/File:Iraqi_Halva-Mosul_01.jpg
sk-403	хек	Hake fish.jpg	CC BY-SA 4.0	Don miraj	https://commons.wikimedia.org/wiki/File:Hake_fish.jpg
20	хлеб	Bread loaf, vegetable organic remains - Museo Egizio, Turin S 8295 p01.jpg	CC0	—	https://commons.wikimedia.org/wiki/File:Bread_loaf,_vegetable_organic_remains_-_Museo_Egizio,_Turin_S_8295_p01.jpg
custom-25	хмели-сунели	Khmeli suneli.JPG	CC0	А. Кабанов	https://commons.wikimedia.org/wiki/File:Khmeli_suneli.JPG
sk-806	хрен	Gemüsestand am Viktualienmarkt München 04.jpg	CC BY-SA 4.0	Kritzolina	https://commons.wikimedia.org/wiki/File:Gem%C3%BCsestand_am_Viktualienmarkt_M%C3%BCnchen_04.jpg
sk-889	хурма	Fuyu Persimmon (Diospyros Kaki).jpg	CC BY-SA 3.0	Joe Ravi	https://commons.wikimedia.org/wiki/File:Fuyu_Persimmon_(Diospyros_Kaki).jpg
sk-735	цветная капуста	Brassica oleracea var. botrytis (Coliflor).jpg	CC BY-SA 4.0	Rjcastillo	https://commons.wikimedia.org/wiki/File:Brassica_oleracea_var._botrytis_(Coliflor).jpg
269	цукаты	Candied Fruit - La Boquería.jpg	Public domain	Hopefully acceptable username	https://commons.wikimedia.org/wiki/File:Candied_Fruit_-_La_Boquer%C3%ADa.jpg
custom-60	цукини	2019-07-01 (100) Hanging leaves of Cucurbita pepo subsp. pepo Zucchini (zucchini) at Bichlhäusl, Tiefgrabenrotte, Frankenfels, Austria.jpg	CC BY-SA 4.0	GT1976	https://commons.wikimedia.org/wiki/File:2019-07-01_(100)_Hanging_leaves_of_Cucurbita_pepo_subsp._pepo_Zucchini_(zucchini)_at_Bichlh%C3%A4usl,_Tiefgrabenrotte,_Frankenfels,_Austria.jpg
4405	чай зелёный	Green Tea Cup with Hollandia milk.jpg	CC BY-SA 4.0	Major Lyte	https://commons.wikimedia.org/wiki/File:Green_Tea_Cup_with_Hollandia_milk.jpg
5715	чай чёрный	Cup of black tea.JPG	CC BY-SA 4.0	AntanO	https://commons.wikimedia.org/wiki/File:Cup_of_black_tea.JPG
sk-874	черешня	Sweet cherries in basket 2018 G1.jpg	Public domain	George Chernilevsky	https://commons.wikimedia.org/wiki/File:Sweet_cherries_in_basket_2018_G1.jpg
sk-917	черника	Picking blueberries b.JPG	CC BY-SA 4.0	ChristianSW	https://commons.wikimedia.org/wiki/File:Picking_blueberries_b.JPG
sk-870	чернослив	Rosales - Dried Prunus domestica d.jpg	CC BY-SA 4.0	Emőke Dénes	https://commons.wikimedia.org/wiki/File:Rosales_-_Dried_Prunus_domestica_d.jpg
sk-745	чеснок	Garlic bulbs and cloves.jpg	CC BY-SA 4.0	Ivar Leidus	https://commons.wikimedia.org/wiki/File:Garlic_bulbs_and_cloves.jpg
3813	чесночный порошок	Garlic Powder, Penzeys Spices, Arlington Heights MA.jpg	CC BY-SA 3.0	John Phelan	https://commons.wikimedia.org/wiki/File:Garlic_Powder,_Penzeys_Spices,_Arlington_Heights_MA.jpg
4908	чечевица	3 types of lentil.jpg	CC BY-SA 2.0	User:Justinc	https://commons.wikimedia.org/wiki/File:3_types_of_lentil.jpg
3423	шалфей	Salvia officinalis0.jpg	CC BY-SA 3.0	Kurt Stüber [1]	https://commons.wikimedia.org/wiki/File:Salvia_officinalis0.jpg
sk-860	шампиньоны	2016-01 Agaricus bisporus 03.jpg	CC BY-SA 4.0	0x010C	https://commons.wikimedia.org/wiki/File:2016-01_Agaricus_bisporus_03.jpg
3422	шафран	Iran saffron threads.jpg	Public domain	Rainer Zenz	https://commons.wikimedia.org/wiki/File:Iran_saffron_threads.jpg
2401	шелковица	Morus sp. 02.jpg	CC BY-SA 4.0	Zeynel Cebeci	https://commons.wikimedia.org/wiki/File:Morus_sp._02.jpg
sk-910	шиповник	Autumn Rosehip Berries in Białystok Forest.jpg	CC0	Dilaxe321	https://commons.wikimedia.org/wiki/File:Autumn_Rosehip_Berries_in_Bia%C5%82ystok_Forest.jpg
sk-954	шоколад	Milky Way chocolate 2.jpg	CC BY-SA 4.0	Tiia Monto	https://commons.wikimedia.org/wiki/File:Milky_Way_chocolate_2.jpg
sk-962	шоколадная паста	Schockelasbotterschmir.jpg	CC BY-SA 3.0	Cornischong at Luxembourgish Wikipedia	https://commons.wikimedia.org/wiki/File:Schockelasbotterschmir.jpg
sk-968	шоколадные конфеты	Chocolate candies with liqueur.JPG	CC BY 3.0	Aleksey Pogrebnoj-Alexandroff	https://commons.wikimedia.org/wiki/File:Chocolate_candies_with_liqueur.JPG
sk-708	шпинат	Spinach leaves.jpg	CC BY 3.0	Nillerdk	https://commons.wikimedia.org/wiki/File:Spinach_leaves.jpg
sk-362	шпроты	Sprats.jpg	CC BY-SA 3.0	SpecialAdviser	https://commons.wikimedia.org/wiki/File:Sprats.jpg
sk-711	щавель	202408 Red veined sorrel leafs at the pasta.jpg	CC BY-SA 4.0	Junyu-K	https://commons.wikimedia.org/wiki/File:202408_Red_veined_sorrel_leafs_at_the_pasta.jpg
sk-730	щи	Schi.jpg	Public domain	Шнапс	https://commons.wikimedia.org/wiki/File:Schi.jpg
6168	щука	Hecht.jpg	CC BY-SA 3.0	—	https://commons.wikimedia.org/wiki/File:Hecht.jpg
3425	эстрагон	Estragon 1511.jpg	Public domain	No machine-readable author provided. Ies assumed (based on copyright claims).	https://commons.wikimedia.org/wiki/File:Estragon_1511.jpg
sk-880	яблоко	Red Apple.jpg	CC BY 2.0	Abhijit Tembhekar from Mumbai, India	https://commons.wikimedia.org/wiki/File:Red_Apple.jpg
2684	язык говяжий	Beef tongue preparation.jpg	CC BY-SA 2.0	The original uploader was Mind meal at English Wikipedia .	https://commons.wikimedia.org/wiki/File:Beef_tongue_preparation.jpg
763	язык свиной	Grilled pork tongue (4694673379).jpg	CC BY-SA 2.0	pelican from Tokyo, Japan	https://commons.wikimedia.org/wiki/File:Grilled_pork_tongue_(4694673379).jpg
sk-164	яйцо	Chicken Egg without Eggshell 5859.jpg	CC BY 3.0	Biswarup Ganguly	https://commons.wikimedia.org/wiki/File:Chicken_Egg_without_Eggshell_5859.jpg
sk-660	ячневая крупа	Pearl barley Boil-in-Bag.JPG	CC BY-SA 4.0	Dominik-jan	https://commons.wikimedia.org/wiki/File:Pearl_barley_Boil-in-Bag.JPG
